FechaFactura;NumeroFactura;NumeroFacturaCorto;NIFProveedor;NombreProveedor;CuentaProveedor;CuentaGasto;BaseImponible;TipoIVA;CuotaIVA;TipoRecargoEquivalencia;CuotaRecargoEquivalencia;TipoRetencion;CuotaRetencion;TotalFactura;Concepto;FechaOperacion;FechaContabilizacion;SerieFactura;CodigoPais;ClaveOperacion
01/09/2026;F-2026-00125;2026-00125;A08876310;Suministros Hospitalarios, S.A.;40000001;60200000;1000,00;21;210,00;;;;;1210,00;Material sanitario;;;;;
03/09/2026;2026/0085;2026/0085;B12345674;Distribuciones Alimentarias Pérez, S.L.;40000002;62900000;100,00;10;10,00;;;;;110,00;Agua y café para sala de espera;;;;;
05/09/2026;SRV - 2026164; - 2026164;B16780942;Clínica GMA Barcelona, S.L.;40000003;62300000;460,00;0;0,00;;;;;460,00;Servicios GMA. Operación exenta art. 20.1;;;;;
08/09/2026;11278734;11278734;A08007262;Linde Gas España, S.A.U.;40000004;60200000;100,00;21;21,00;;;;;176,00;Gases medicinales (21 %) y alquiler de botellas (10 %);;;;;
08/09/2026;11278734;11278734;A08007262;Linde Gas España, S.A.U.;40000004;60200000;50,00;10;5,00;;;;;176,00;Gases medicinales (21 %) y alquiler de botellas (10 %);;;;;
10/09/2026;A-2026/0457;-2026/0457;B65123457;Asesoría Laboral Muñoz y Asociados, S.L.P.;40000005;62300000;1000,00;21;210,00;;;15;150,00;1060,00;"Asesoramiento laboral septiembre 2026; incluye ""nóminas"" y SS";;;;;
12/09/2026;FAC-0000123;AC-0000123;B65987653;Material de Oficina Diagonal, S.L.;40000006;60000000;700,00;21;147,00;;;;;1210,00;Compras (700 €) y mantenimiento de impresoras (300 €);;;;;
12/09/2026;FAC-0000123;AC-0000123;B65987653;Material de Oficina Diagonal, S.L.;40000006;62900000;300,00;21;63,00;;;;;1210,00;Compras (700 €) y mantenimiento de impresoras (300 €);;;;;
15/09/2026;2026-ÑÚ-07;2026-ÑÚ-07;B87654323;"Ñandú Óptica Médica, S.L. (Árbol; Pingüino)";40000007;60200000;100,00;21;21,00;;;;;121,00;"Lentes; montura «niño» de acetato, lámpara
segunda línea del concepto";;;;;
20/09/2026;FRA-PROV-2026-SERIE-A-000000012345;0000012345;A82018474;Telefónica de España, S.A.U.;40000008;62800000;100,00;21;21,00;;;;;121,00;Telefonía fija y datos septiembre;;;;;
